"_id","_class","args","comment_content","comment_create_time","comment_id","comment_like","comment_type","comment_user_avator","comment_user_id"
"621c6420f5891474f6d503c5","com.example.salieri.entity.Comment","1","心情平静","2022-1-28 13:56:48","salieri2022-1-28 13:56:48","0","1","/img/Avator/1650370195281salieri.jpg","salieri"
"621eb75d5e20e540a089b3ac","com.example.salieri.entity.Comment","2","好听","2022-2-2 8:16:29","argosax2022-2-2 8:16:29","0","0","/img/Avator/1644563058429argosax.jpg","argosax"
"623ab1ddce467b751b7fef77","com.example.salieri.entity.Comment","4","搜索","2022-2-23 13:36:29","salieri2022-2-23 13:36:29","0","0","/img/Avator/1650370195281salieri.jpg","salieri"
"623ab24ace467b751b7fef78","com.example.salieri.entity.Comment","2","11","2022-2-23 13:38:18","salieri2022-2-23 13:38:18","0","0","/img/Avator/1650370195281salieri.jpg","salieri"
"623ab25cce467b751b7fef79","com.example.salieri.entity.Comment","1","11","2022-2-23 13:38:36","salieri2022-2-23 13:38:36","0","0","/img/Avator/1650370195281salieri.jpg","salieri"
"623ab27cce467b751b7fef7a","com.example.salieri.entity.Comment","2","arar","2022-2-23 13:39:07","salieri2022-2-23 13:39:7","0","1","/img/Avator/1650370195281salieri.jpg","salieri"
"62593ec52d4e8e0c1185ec01","com.example.salieri.entity.Comment","2","666","2022-3-15 17:45:41","salieri2022-3-15 17:45:41","0","0","/img/Avator/1650370195281salieri.jpg","salieri"
"62593f502d4e8e0c1185ec02","com.example.salieri.entity.Comment","4","666","2022-3-15 17:48:0","salieri2022-3-15 17:48:0","0","0","/img/Avator/1650370195281salieri.jpg","salieri"
"62593f882d4e8e0c1185ec03","com.example.salieri.entity.Comment","1","心情平静","2022-3-15 17:48:56","salieri2022-3-15 17:48:56","0","0","/img/Avator/1650370195281salieri.jpg","salieri"
"625ea64b6647b915f6428806","com.example.salieri.entity.Comment","1","好听","2022-3-19 20:8:43","salieri2022-3-19 20:8:43","0","1","/img/Avator/1650370195281salieri.jpg","salieri"
"6261283dc1628c6e38ac6291","com.example.salieri.entity.Comment","11","666","2022-3-21 17:47:41","salieri2022-3-21 17:47:41","0","0","/img/Avator/1650370195281salieri.jpg","salieri"
"62612850c1628c6e38ac6292","com.example.salieri.entity.Comment","11","好听","2022-3-21 17:48:0","arar2022-3-21 17:48:0","0","0","/img/Avator/1644562451549arar.jpg","arar"
